Common iso,0,1,2,3,4
Eie,3.31090220384,10.600437102,16.534474999,9.47029735307,1.41091869447
